<annotation>
	<folder>GoogleImages</folder>
	<filename>201954119-1-mistyrose.jpg</filename>
	<path>E:\GoogleImages\201954119-1-mistyrose.jpg</path>
	<source>
		<database>Unknown</database>
	</source>
	<size>
		<width>476</width>
		<height>608</height>
		<depth>3</depth>
	</size>
	<segmented>0</segmented>
	<object>
		<name>Short Sleeve T-Shirt</name>
		<pose>Unspecified</pose>
		<truncated>0</truncated>
		<difficult>0</difficult>
		<bndbox>
			<xmin>53</xmin>
			<ymin>140</ymin>
			<xmax>368</xmax>
			<ymax>449</ymax>
		</bndbox>
	</object>
</annotation>
