<annotation>
	<folder>GoogleImages</folder>
	<filename>201944643-1-fungi.jpg</filename>
	<path>E:\GoogleImages\201944643-1-fungi.jpg</path>
	<source>
		<database>Unknown</database>
	</source>
	<size>
		<width>476</width>
		<height>608</height>
		<depth>3</depth>
	</size>
	<segmented>0</segmented>
	<object>
		<name>Short Sleeve T-Shirt</name>
		<pose>Unspecified</pose>
		<truncated>0</truncated>
		<difficult>0</difficult>
		<bndbox>
			<xmin>27</xmin>
			<ymin>163</ymin>
			<xmax>443</xmax>
			<ymax>517</ymax>
		</bndbox>
	</object>
</annotation>
