<annotation>
	<folder>GoogleImages</folder>
	<filename>202142844-1-cappuccino.jpg</filename>
	<path>E:\GoogleImages\202142844-1-cappuccino.jpg</path>
	<source>
		<database>Unknown</database>
	</source>
	<size>
		<width>476</width>
		<height>608</height>
		<depth>3</depth>
	</size>
	<segmented>0</segmented>
	<object>
		<name>Short Sleeve T-Shirt</name>
		<pose>Unspecified</pose>
		<truncated>0</truncated>
		<difficult>0</difficult>
		<bndbox>
			<xmin>90</xmin>
			<ymin>137</ymin>
			<xmax>379</xmax>
			<ymax>498</ymax>
		</bndbox>
	</object>
</annotation>
