<annotation>
	<folder>GoogleImages</folder>
	<filename>202694974-1-pink.jpg</filename>
	<path>E:\GoogleImages\202694974-1-pink.jpg</path>
	<source>
		<database>Unknown</database>
	</source>
	<size>
		<width>476</width>
		<height>608</height>
		<depth>3</depth>
	</size>
	<segmented>0</segmented>
	<object>
		<name>Short Sleeve T-Shirt</name>
		<pose>Unspecified</pose>
		<truncated>0</truncated>
		<difficult>0</difficult>
		<bndbox>
			<xmin>48</xmin>
			<ymin>125</ymin>
			<xmax>420</xmax>
			<ymax>583</ymax>
		</bndbox>
	</object>
</annotation>
