<annotation>
	<folder>GoogleImages</folder>
	<filename>202853872-1-grey.jpg</filename>
	<path>E:\GoogleImages\202853872-1-grey.jpg</path>
	<source>
		<database>Unknown</database>
	</source>
	<size>
		<width>476</width>
		<height>608</height>
		<depth>3</depth>
	</size>
	<segmented>0</segmented>
	<object>
		<name>Short Sleeve T-Shirt</name>
		<pose>Unspecified</pose>
		<truncated>0</truncated>
		<difficult>0</difficult>
		<bndbox>
			<xmin>73</xmin>
			<ymin>112</ymin>
			<xmax>308</xmax>
			<ymax>449</ymax>
		</bndbox>
	</object>
</annotation>
