<annotation>
	<folder>GoogleImages</folder>
	<filename>23815801-1-black.jpg</filename>
	<path>E:\GoogleImages\23815801-1-black.jpg</path>
	<source>
		<database>Unknown</database>
	</source>
	<size>
		<width>476</width>
		<height>608</height>
		<depth>3</depth>
	</size>
	<segmented>0</segmented>
	<object>
		<name>Short Sleeve T-Shirt</name>
		<pose>Unspecified</pose>
		<truncated>1</truncated>
		<difficult>0</difficult>
		<bndbox>
			<xmin>1</xmin>
			<ymin>215</ymin>
			<xmax>443</xmax>
			<ymax>606</ymax>
		</bndbox>
	</object>
</annotation>
